sigma_shock,return_shock,pnl_loss
-3σ,-0.019642628625609754,-19642.628625609756
-5σ,-0.032737714376016254,-32737.714376016254
-8σ,-0.05238034300162601,-52380.34300162601
