confidence,MonteCarlo_ES
0.95,13215.342425403845
0.99,17039.97423619482
